Designator,Mid X,Mid Y,Layer,Rotation
BZ1,29.8000mm,-160.0000mm,Top,0
C1,124.5000mm,-121.0000mm,Top,0
C2,135.8000mm,-86.0000mm,Top,0
C3,135.8000mm,-116.5000mm,Top,0
C4,68.0000mm,-34.5000mm,Top,90
C5,79.0000mm,-35.0000mm,Top,0
C6,84.0000mm,-23.5000mm,Top,0
C7,110.5000mm,-36.0000mm,Top,0
J1,30.5400mm,-194.0000mm,Top,0
JR1,137.6600mm,-25.5000mm,Top,180
JR2,156.9600mm,-25.5000mm,Top,180
JR3,176.2600mm,-25.5000mm,Top,180
JR4,195.5600mm,-25.5000mm,Top,180
JR5,214.8600mm,-25.5000mm,Top,180
JR6,234.1600mm,-25.5000mm,Top,180
JR7,253.4600mm,-25.5000mm,Top,180
JR8,272.7600mm,-25.5000mm,Top,180
JR9,314.8000mm,-42.4600mm,Top,90
JR10,314.8000mm,-61.7600mm,Top,90
JR11,314.8000mm,-81.0600mm,Top,90
JR12,314.8000mm,-100.3600mm,Top,90
JR13,314.8000mm,-119.6600mm,Top,90
JR14,314.8000mm,-138.9600mm,Top,90
JR15,314.8000mm,-158.2600mm,Top,90
JR16,314.8000mm,-177.5600mm,Top,90
J_ALBA,176.1200mm,-194.0000mm,Top,0
J_CASETTE,215.5800mm,-194.0000mm,Top,0
J_CIELO,128.1200mm,-194.0000mm,Top,0
J_NEXT,80.5400mm,-194.0000mm,Top,0
J_OLED,49.6200mm,-194.0000mm,Top,0
J_POT,108.0800mm,-194.0000mm,Top,0
J_SD,95.0750mm,-29.1750mm,Top,180
J_START,67.5400mm,-194.0000mm,Top,0
J_STELLE,197.5800mm,-194.0000mm,Top,0
J_TEST,93.5400mm,-194.0000mm,Top,0
J_TRAMONTO,152.1200mm,-194.0000mm,Top,0
K1,136.3900mm,-44.1100mm,Top,90
K2,155.6900mm,-44.1100mm,Top,90
K3,174.9900mm,-44.1100mm,Top,90
K4,194.2900mm,-44.1100mm,Top,90
K5,213.5900mm,-44.1100mm,Top,90
K6,232.8900mm,-44.1100mm,Top,90
K7,252.1900mm,-44.1100mm,Top,90
K8,271.4900mm,-44.1100mm,Top,90
K9,297.8900mm,-41.1900mm,Top,0
K10,297.8900mm,-60.4900mm,Top,0
K11,297.8900mm,-79.7900mm,Top,0
K12,297.8900mm,-99.0900mm,Top,0
K13,297.8900mm,-118.3900mm,Top,0
K14,297.8900mm,-137.6900mm,Top,0
K15,297.8900mm,-156.9900mm,Top,0
K16,297.8900mm,-176.2900mm,Top,0
Q1,58.7400mm,-135.0000mm,Top,0
Q2,86.7400mm,-135.0000mm,Top,0
Q3,114.7400mm,-135.0000mm,Top,0
Q4,58.7400mm,-150.0000mm,Top,0
Q5,86.7400mm,-150.0000mm,Top,0
Q6,114.7400mm,-150.0000mm,Top,0
Q7,58.7400mm,-165.0000mm,Top,0
Q8,86.7400mm,-165.0000mm,Top,0
Q9,114.7400mm,-165.0000mm,Top,0
RBZ1,30.0800mm,-172.0000mm,Top,0
RG1,47.0800mm,-133.4000mm,Top,0
RG2,75.0800mm,-133.4000mm,Top,0
RG3,103.0800mm,-133.4000mm,Top,0
RG4,47.0800mm,-148.4000mm,Top,0
RG5,75.0800mm,-148.4000mm,Top,0
RG6,103.0800mm,-148.4000mm,Top,0
RG7,47.0800mm,-163.4000mm,Top,0
RG8,75.0800mm,-163.4000mm,Top,0
RG9,103.0800mm,-163.4000mm,Top,0
RPD1,47.0800mm,-136.6000mm,Top,0
RPD2,75.0800mm,-136.6000mm,Top,0
RPD3,103.0800mm,-136.6000mm,Top,0
RPD4,47.0800mm,-151.6000mm,Top,0
RPD5,75.0800mm,-151.6000mm,Top,0
RPD6,103.0800mm,-151.6000mm,Top,0
RPD7,47.0800mm,-166.6000mm,Top,0
RPD8,75.0800mm,-166.6000mm,Top,0
RPD9,103.0800mm,-166.6000mm,Top,0
RSD1,84.0000mm,-26.0000mm,Top,0
RSD2,84.0000mm,-28.5000mm,Top,0
RSD3,84.0000mm,-31.0000mm,Top,0
RSD4,84.0000mm,-33.5000mm,Top,0
U1,136.8100mm,-72.1600mm,Top,0
U2,136.8100mm,-102.1600mm,Top,0
U3,75.0000mm,-29.0000mm,Top,0
U4,110.5000mm,-29.0000mm,Top,0
MCU1,85.6580mm,-65.3300mm,Bottom,0
