Comment,Designator,Footprint,LCSC Part #,Quantity,Required spec
Passive buzzer 12mm,BZ1,Buzzer_12x9.5RM7.6,,1,"Passive buzzer/transducer 12 mm, 7.6 mm pitch (not an active/self-oscillating buzzer)"
470uF 25V,C1,C_Radial_D10.0mm_H12.5mm_P5.00mm,,1,"Radial electrolytic 470 uF >= 25 V, D10 mm, 5.0 mm pitch"
100nF 50V,"C2,C3",C_Disc_D5.0mm_W2.5mm_P5.00mm,,2,"Radial ceramic 100 nF >= 50 V, 5.0 mm pitch"
10uF 25V,C4,C_0805_2012Metric,,1,"MLCC 10 uF >= 25 V X5R/X7R, 0805"
22uF 10V,C5,C_0805_2012Metric,,1,"MLCC 22 uF >= 10 V X5R/X7R, 0805"
100nF,"C6,C7",C_0805_2012Metric,,2,"MLCC 100 nF >= 16 V X7R, 0805"
Screw terminal 2P 5.08mm,"J1,J_NEXT,J_START,J_TEST","TerminalBlock_Phoenix_MKDS-1,5-2-5.08_1x02_P5.08mm_Horizontal",,4,"Screw terminal 2-pole 5.08 mm, horizontal wire entry, >= 250 V / >= 10 A (e.g. Phoenix 1715721, KEFA KF128-5.08-2P)"
Screw terminal 3P 5.08mm,"JR1,JR2,JR3,JR4,JR5,JR6,JR7,JR8,JR9,JR10,JR11,JR12,JR13,JR14,JR15,JR16,J_CASETTE,J_POT,J_STELLE","TerminalBlock_Phoenix_MKDS-1,5-3-5.08_1x03_P5.08mm_Horizontal",,19,"Screw terminal 3-pole 5.08 mm, horizontal wire entry, >= 250 V / >= 10 A (e.g. Phoenix 1715734, KEFA KF128-5.08-3P)"
Screw terminal 4P 5.08mm,"J_ALBA,J_CIELO,J_OLED,J_TRAMONTO","TerminalBlock_Phoenix_MKDS-1,5-4-5.08_1x04_P5.08mm_Horizontal",,4,"Screw terminal 4-pole 5.08 mm, horizontal wire entry, >= 250 V / >= 10 A (e.g. Phoenix 1715747, KEFA KF128-5.08-4P)"
DM3AT-SF-PEJM5,J_SD,microSD_HC_Hirose_DM3AT-SF-PEJM5,C114218,1,Hirose DM3AT-SF-PEJM5 microSD push-push with card detect (verified LCSC C114218)
G5Q-1 DC12,"K1,K2,K3,K4,K5,K6,K7,K8,K9,K10,K11,K12,K13,K14,K15,K16",Relay_SPDT_Omron-G5Q-1,C397244,16,"Omron G5Q-1 DC12, SPDT 10 A 250 VAC, 12 V coil (verified LCSC C397244)"
IRLZ44NPBF,"Q1,Q2,Q3,Q4,Q5,Q6,Q7,Q8,Q9",TO-220-3_Vertical,C38774,9,"Infineon IRLZ44NPBF, TO-220AB logic-level N-MOSFET (verified LCSC C38774)"
220R,RBZ1,R_Axial_DIN0207_L6.3mm_D2.5mm_P10.16mm_Horizontal,,1,"Axial resistor 220 R 1/4 W, 10.16 mm lead spacing"
100R,"RG1,RG2,RG3,RG4,RG5,RG6,RG7,RG8,RG9",R_Axial_DIN0207_L6.3mm_D2.5mm_P10.16mm_Horizontal,,9,"Axial resistor 100 R 1/4 W, 10.16 mm (0.4 in) lead spacing"
100k,"RPD1,RPD2,RPD3,RPD4,RPD5,RPD6,RPD7,RPD8,RPD9",R_Axial_DIN0207_L6.3mm_D2.5mm_P10.16mm_Horizontal,,9,"Axial resistor 100 k 1/4 W, 10.16 mm lead spacing"
10k,"RSD1,RSD2,RSD3,RSD4",R_0805_2012Metric,,4,"Resistor 10 k 1 %, 0805"
ULN2803A,"U1,U2",DIP-18_W7.62mm,C73936,2,"ST ULN2803A, DIP-18 300 mil (verified LCSC C73936)"
AMS1117-3.3,U3,SOT-223-3_TabPin2,C6186,1,"AMS1117-3.3 LDO, SOT-223 (verified LCSC C6186)"
74LVC125AD,U4,SOIC-14_3.9x8.7mm_P1.27mm,C6057,1,"Nexperia 74LVC125AD,118 quad buffer, SOIC-14, 5 V tolerant inputs (verified LCSC C6057)"
